aortic_root/v,heart/u_ra
"[0.00011780393522998784, 0.00014239982660771243]","[1251.6529756624118, 1554.0121534737855]"
