aortic_root/v,
[0.000089, 0.000101]
