aortic_root/v,
"[0.000189, 0.000401]"
