aortic_root/v,heart/u_ra
"[0.0005727110289073306, 0.0006027902397803321]","[5092.557954231579, 5449.863765154522]"
