aortic_root/v,heart/u_ra
"[0.0001821822865630749, 0.00022139870443747857]","[1314.4494958997, 1641.5809903567056]"
