aortic_root/v,heart/u_ra
"[0.00011983352801563363, 0.00014225652428730666]","[1419.9298884974132, 1731.036612939478]"
