aortic_root/v,heart/u_ra
"[0.00012298524964176916, 0.00014742454361738077]","[1333.3338070848197, 1633.1813514006865]"
