aortic_root/v,heart/u_ra
"[0.00011989282470600753, 0.00014717820406974516]","[1387.2169603508655, 1746.1643069450226]"
