aortic_root/v,heart/u_ra
"[0.00017861993644532805, 0.00021722066130183717]","[1289.1436886167987, 1613.232941989346]"
