heart q_lv_init,aortic_root C,heart E_lv_A,heart E_lv_B,venous_svc C,heart E_rv_A,heart E_rv_B,systemic_T R_T
2.00063e-01, 3.05884e-01, 9.30571e-02, 1.95413e-01, 7.15171e-01, 1.26650e-02, 6.97680e-01, 6.56267e-01
1.27627e-01, 2.04344e-01, 1.09171e-01, 4.15108e-01, 7.80890e-01, 0.00000e+00, 7.29476e-01, 7.52626e-01
1.27627e-01, 2.04344e-01, 1.09171e-01, 4.15108e-01, 7.80890e-01, 0.00000e+00, 7.29476e-01, 7.52626e-01
1.30937e-01, 2.16183e-01, 1.05100e-01, 3.94332e-01, 7.92842e-01, 0.00000e+00, 7.35202e-01, 7.70466e-01
1.30937e-01, 2.16183e-01, 1.05100e-01, 3.94332e-01, 7.92842e-01, 0.00000e+00, 7.35202e-01, 7.70466e-01
1.51129e-01, 1.74743e-01, 0.00000e+00, 4.12737e-01, 7.65616e-01, 0.00000e+00, 6.43654e-01, 8.51946e-01
