heart q_lv_init,aortic_root C,heart E_lv_A,heart E_lv_B,venous_svc C,heart E_rv_A,heart E_rv_B,systemic_T R_T
7.05570e-02, 9.27696e-01, 6.40332e-01, 9.58052e-01, 8.46614e-01, 4.61640e-02, 5.95523e-01, 3.51585e-01
6.46346e-02, 9.27901e-01, 5.24033e-01, 9.80829e-01, 7.94773e-01, 4.55367e-02, 5.84334e-01, 3.20963e-01
1.62635e-01, 0.00000e+00, 1.61287e-01, 6.01650e-01, 6.64278e-01, 0.00000e+00, 8.01840e-01, 8.48383e-01
1.65088e-01, 1.36798e-02, 3.18053e-02, 7.04317e-01, 1.00000e+00, 7.99649e-02, 8.75114e-01, 8.41656e-01
1.65088e-01, 1.36798e-02, 3.18053e-02, 7.04317e-01, 1.00000e+00, 7.99649e-02, 8.75114e-01, 8.41656e-01
1.65088e-01, 1.36798e-02, 3.18053e-02, 7.04317e-01, 1.00000e+00, 7.99649e-02, 8.75114e-01, 8.41656e-01
