heart q_lv_init,aortic_root C,heart E_lv_A,heart E_lv_B,venous_svc C,heart E_rv_A,heart E_rv_B,systemic_T R_T
3.70201e-01, 4.81824e-01, 7.90966e-02, 4.48696e-01, 7.65140e-01, 2.41552e-02, 8.83857e-01, 8.28421e-01
2.08846e-01, 3.59895e-01, 9.12668e-01, 8.51897e-01, 7.33121e-01, 1.11080e-02, 8.97061e-01, 3.98916e-01
2.53841e-01, 2.74369e-01, 9.48271e-01, 1.00000e+00, 7.01746e-01, 0.00000e+00, 8.44736e-01, 2.62056e-01
2.84375e-01, 2.57025e-01, 6.52203e-01, 7.06882e-01, 7.31395e-01, 0.00000e+00, 1.00000e+00, 3.72647e-01
3.07026e-01, 1.84356e-01, 5.12602e-01, 8.27729e-01, 8.81680e-01, 0.00000e+00, 9.31653e-01, 3.54917e-01
3.22822e-01, 1.94079e-01, 5.54326e-01, 7.85593e-01, 8.94971e-01, 0.00000e+00, 9.80144e-01, 3.61355e-01
3.32404e-01, 1.85922e-01, 8.21982e-01, 1.00000e+00, 8.94171e-01, 0.00000e+00, 1.00000e+00, 3.06213e-01
3.32404e-01, 1.85922e-01, 8.21982e-01, 1.00000e+00, 8.94171e-01, 0.00000e+00, 1.00000e+00, 3.06213e-01
3.25917e-01, 1.35062e-01, 4.93663e-01, 8.18082e-01, 8.79309e-01, 0.00000e+00, 1.00000e+00, 3.46371e-01
