heart q_lv_init,aortic_root C,heart E_lv_A,heart E_lv_B,venous_svc C,heart E_rv_A,heart E_rv_B,systemic_T R_T
2.32013e-02, 2.17115e-01, 6.45145e-01, 9.76438e-01, 8.94720e-01, 1.09005e-01, 3.58739e-01, 7.80778e-01
1.11525e-01, 3.96855e-01, 2.82469e-01, 8.21588e-01, 6.34047e-01, 9.17021e-03, 9.45244e-01, 5.26982e-01
2.12418e-01, 2.68087e-01, 4.23469e-02, 1.00000e+00, 8.00630e-01, 0.00000e+00, 6.15548e-01, 8.36247e-01
3.25257e-01, 0.00000e+00, 0.00000e+00, 1.00000e+00, 9.72450e-01, 0.00000e+00, 5.25686e-01, 9.57298e-01
3.03011e-01, 0.00000e+00, 0.00000e+00, 9.07100e-01, 1.00000e+00, 0.00000e+00, 5.69333e-01, 1.00000e+00
2.22696e-01, 3.66782e-03, 0.00000e+00, 1.00000e+00, 9.74732e-01, 0.00000e+00, 4.93860e-01, 1.00000e+00
