heart q_lv_init,aortic_root C,heart E_lv_A,heart E_lv_B,venous_svc C,heart E_rv_A,heart E_rv_B,systemic_T R_T
7.24547e-01, 5.01240e-01, 8.99567e-01, 5.30364e-01, 1.99276e-01, 2.28968e-01, 5.16971e-01, 3.08274e-01
7.24547e-01, 5.01240e-01, 8.99567e-01, 5.30364e-01, 1.99276e-01, 2.28968e-01, 5.16971e-01, 3.08274e-01
7.24547e-01, 5.01240e-01, 8.99567e-01, 5.30364e-01, 1.99276e-01, 2.28968e-01, 5.16971e-01, 3.08274e-01
7.24547e-01, 5.01240e-01, 8.99567e-01, 5.30364e-01, 1.99276e-01, 2.28968e-01, 5.16971e-01, 3.08274e-01
7.24547e-01, 5.01240e-01, 8.99567e-01, 5.30364e-01, 1.99276e-01, 2.28968e-01, 5.16971e-01, 3.08274e-01
7.24547e-01, 5.01240e-01, 8.99567e-01, 5.30364e-01, 1.99276e-01, 2.28968e-01, 5.16971e-01, 3.08274e-01
