nan, nan, nan, nan, nan, nan, nan, nan, nan, nan
10000000000000000905969664.000000000, 10000000000000000905969664.000000000, 10000000000000000905969664.000000000, 10000000000000000905969664.000000000, 10000000000000000905969664.000000000, 10000000000000000905969664.000000000, 10000000000000000905969664.000000000, 10000000000000000905969664.000000000, 10000000000000000905969664.000000000, 10000000000000000905969664.000000000
10000000000000000905969664.000000000, 10000000000000000905969664.000000000, 10000000000000000905969664.000000000, 10000000000000000905969664.000000000, 10000000000000000905969664.000000000, 10000000000000000905969664.000000000, 10000000000000000905969664.000000000, 10000000000000000905969664.000000000, 10000000000000000905969664.000000000, 10000000000000000905969664.000000000
10000000000000000905969664.000000000, 10000000000000000905969664.000000000, 10000000000000000905969664.000000000, 10000000000000000905969664.000000000, 10000000000000000905969664.000000000, 10000000000000000905969664.000000000, 10000000000000000905969664.000000000, 10000000000000000905969664.000000000, 10000000000000000905969664.000000000, 10000000000000000905969664.000000000
10000000000000000905969664.000000000, 10000000000000000905969664.000000000, 10000000000000000905969664.000000000, 10000000000000000905969664.000000000, 10000000000000000905969664.000000000, 10000000000000000905969664.000000000, 10000000000000000905969664.000000000, 10000000000000000905969664.000000000, 10000000000000000905969664.000000000, 10000000000000000905969664.000000000
10000000000000000905969664.000000000, 10000000000000000905969664.000000000, 10000000000000000905969664.000000000, 10000000000000000905969664.000000000, 10000000000000000905969664.000000000, 10000000000000000905969664.000000000, 10000000000000000905969664.000000000, 10000000000000000905969664.000000000, 10000000000000000905969664.000000000, 10000000000000000905969664.000000000
