heart q_lv_init,aortic_root C,heart E_lv_A,heart E_lv_B,venous_svc C
2.75688e-01, 1.45691e-01, 4.30802e-01, 9.99208e-01, 3.93609e-01
3.94254e-01, 9.45883e-01, 2.62822e-01, 6.12229e-01, 3.80817e-01
3.94254e-01, 9.45883e-01, 2.62822e-01, 6.12229e-01, 3.80817e-01
3.94254e-01, 9.45883e-01, 2.62822e-01, 6.12229e-01, 3.80817e-01
3.51169e-01, 6.87666e-01, 6.71221e-01, 3.19890e-01, 4.46815e-01
3.06108e-01, 9.76668e-01, 1.00000e+00, 5.45397e-01, 1.91736e-01
