heart q_lv_init,aortic_root C,heart E_lv_A,heart E_lv_B,venous_svc C,heart E_rv_A,heart E_rv_B,systemic_T R_T
1.54125e-01, 9.35174e-01, 5.22626e-02, 5.67002e-01, 5.41097e-01, 7.27030e-03, 5.23677e-01, 7.52083e-01
9.82300e-02, 1.63197e-01, 8.43044e-02, 9.54241e-01, 4.23828e-01, 0.00000e+00, 7.02523e-01, 1.00000e+00
9.64894e-02, 1.75527e-01, 9.28546e-02, 9.86508e-01, 4.33137e-01, 0.00000e+00, 6.22108e-01, 1.00000e+00
9.57877e-02, 1.67467e-01, 8.50588e-02, 8.93419e-01, 4.66062e-01, 0.00000e+00, 6.13382e-01, 9.26309e-01
9.57877e-02, 1.67467e-01, 8.50588e-02, 8.93419e-01, 4.66062e-01, 0.00000e+00, 6.13382e-01, 9.26309e-01
9.57877e-02, 1.67467e-01, 8.50588e-02, 8.93419e-01, 4.66062e-01, 0.00000e+00, 6.13382e-01, 9.26309e-01
