heart q_lv_init,systemic_T R_T
4.97783e-03, 1.69780e-01
0.00000e+00, 0.00000e+00
