heart q_lv_init,aortic_root C,heart E_lv_A,heart E_lv_B,venous_svc C,heart E_rv_A,heart E_rv_B,systemic_T R_T
5.27141e-02, 5.48138e-01, 8.40564e-01, 1.32184e-01, 3.92718e-01, 2.23512e-01, 4.44424e-01, 3.19433e-02
9.99779e-02, 3.47159e-01, 1.03710e-02, 6.58255e-01, 7.93734e-01, 5.86572e-01, 6.84280e-01, 7.36529e-02
0.00000e+00, 4.73540e-01, 7.37994e-01, 5.70778e-01, 8.13666e-01, 5.62034e-01, 5.84325e-01, 0.00000e+00
3.24313e-02, 3.54590e-01, 0.00000e+00, 5.74899e-01, 8.29453e-01, 5.64676e-01, 4.25577e-01, 3.17692e-02
0.00000e+00, 3.25457e-01, 1.24963e-02, 6.33087e-01, 8.57949e-01, 5.53222e-01, 3.32956e-01, 0.00000e+00
0.00000e+00, 3.25457e-01, 1.24963e-02, 6.33087e-01, 8.57949e-01, 5.53222e-01, 3.32956e-01, 0.00000e+00
