heart q_lv_init,systemic_T R_T
1.55750e-04, 6.28107e-01
0.00000e+00, 9.70911e-01
