heart q_lv_init,aortic_root C,heart E_lv_A,heart E_lv_B,venous_svc C,heart E_rv_A,heart E_rv_B,systemic_T R_T
5.67064e-02, 3.68447e-01, 2.62787e-01, 6.29941e-01, 9.80813e-01, 1.39818e-01, 8.80973e-01, 8.94768e-01
1.70315e-01, 3.52040e-01, 0.00000e+00, 6.59052e-01, 7.74801e-01, 1.15445e-01, 9.15708e-01, 7.04970e-01
1.88496e-01, 2.80909e-01, 0.00000e+00, 4.42980e-01, 8.03372e-01, 2.57593e-02, 8.21427e-01, 9.27744e-01
2.00180e-01, 3.12717e-01, 0.00000e+00, 7.54904e-01, 8.89559e-01, 1.01198e-01, 9.79921e-01, 8.36026e-01
2.00180e-01, 3.12717e-01, 0.00000e+00, 7.54904e-01, 8.89559e-01, 1.01198e-01, 9.79921e-01, 8.36026e-01
2.00180e-01, 3.12717e-01, 0.00000e+00, 7.54904e-01, 8.89559e-01, 1.01198e-01, 9.79921e-01, 8.36026e-01
