heart q_lv_init,aortic_root C,heart E_lv_A,heart E_lv_B,venous_svc C,heart E_rv_A,heart E_rv_B,systemic_T R_T
9.13822e-02, 3.55289e-02, 2.12642e-01, 9.78940e-01, 9.07745e-01, 3.57631e-02, 7.30013e-01, 5.86746e-01
9.59950e-02, 2.80490e-02, 2.26215e-01, 1.00000e+00, 7.65780e-01, 3.68150e-02, 6.78544e-01, 6.18305e-01
1.29297e-01, 0.00000e+00, 4.36467e-01, 1.00000e+00, 1.00000e+00, 5.82205e-02, 6.55515e-01, 8.33553e-01
8.70175e-02, 7.03581e-02, 0.00000e+00, 7.26469e-01, 4.86531e-01, 0.00000e+00, 2.70473e-01, 1.00000e+00
1.83711e-01, 0.00000e+00, 2.76850e-01, 1.00000e+00, 9.66177e-01, 3.81516e-02, 6.81017e-01, 1.00000e+00
1.57707e-01, 4.23388e-02, 2.16432e-01, 7.03569e-01, 9.63778e-01, 1.70787e-02, 5.56990e-01, 9.94854e-01
