heart q_lv_init,systemic_T R_T
8.03624e-04, 8.19513e-01
0.00000e+00, 8.81026e-01
7.52964e-02, 5.77973e-01
7.52964e-02, 5.77973e-01
7.52964e-02, 5.77973e-01
0.00000e+00, 6.73000e-01
