heart q_lv_init,aortic_root C,heart E_lv_A,heart E_lv_B,venous_svc C,heart E_rv_A,heart E_rv_B,systemic_T R_T
4.45595e-03, 2.52694e-01, 3.43680e-01, 5.51191e-01, 6.76036e-01, 8.99679e-02, 8.86687e-01, 8.58770e-01
0.00000e+00, 1.14289e-01, 2.60214e-01, 5.15828e-01, 7.28573e-01, 7.77008e-02, 8.48951e-01, 8.65853e-01
0.00000e+00, 8.18495e-02, 4.70971e-01, 4.92455e-01, 5.88110e-01, 7.58382e-03, 8.39446e-01, 1.00000e+00
8.10378e-02, 0.00000e+00, 9.54671e-02, 3.41478e-01, 1.00000e+00, 7.26212e-02, 6.72619e-01, 9.75367e-01
8.10378e-02, 0.00000e+00, 9.54671e-02, 3.41478e-01, 1.00000e+00, 7.26212e-02, 6.72619e-01, 9.75367e-01
1.69697e-01, 0.00000e+00, 1.27328e-01, 5.83770e-01, 1.00000e+00, 4.27079e-02, 7.42170e-01, 1.00000e+00
