heart q_lv_init,systemic_T R_T
1.84788e-03, 6.71003e-01
0.00000e+00, 4.96808e-01
